Time,Flow,Throughput
1,0,0.0
1,1,0.0
2,0,6.3504
2,1,0.372352
2,2,0.0
2,3,0.0
3,0,4.48291
3,1,0.196352
3,2,5.51405
3,3,0.348064
4,0,4.9439
4,1,0.217984
4,2,5.02387
4,3,0.22256
5,0,5.01446
5,1,0.222144
5,2,4.95802
5,3,0.219232
6,0,5.18381
6,1,0.2288
6,2,4.78397
6,3,0.211744
7,0,5.24966
7,1,0.232128
7,2,4.71341
7,3,0.208416
8,0,4.52995
8,1,0.246496
8,2,5.42842
8,3,0.238368
9,0,4.04544
9,1,0.179296
9,2,5.91763
9,3,0.261664
10,0,4.17245
10,1,0.184288
10,2,5.80003
10,3,0.256672
11,0,4.37472
11,1,0.192608
11,2,5.59475
11,3,0.33408
12,0,5.98349
12,1,0.263744
12,2,4.00781
12,3,0.176384
13,0,5.93645
13,1,0.262496
13,2,4.03133
13,3,0.178464
14,0,6.02582
14,1,0.266656
14,2,3.92314
14,3,0.173888
15,0,6.04934
15,1,0.267904
15,2,3.91373
15,3,0.17264
16,0,5.72006
16,1,0.332384
16,2,4.2383
16,3,0.185952
17,0,4.77926
17,1,0.211328
17,2,5.18851
17,3,0.229632
18,0,4.85453
18,1,0.214656
18,2,5.11325
18,3,0.226304
19,0,4.80278
19,1,0.212576
19,2,5.16029
19,3,0.227968
20,0,5.81885
20,1,0.25584
20,2,4.1655
20,3,0.281568
21,0,6.37862
21,1,0.282464
21,2,3.58445
21,3,0.158496
22,0,6.41155
22,1,0.283296
22,2,3.55622
22,3,0.157248
23,0,6.45859
23,1,0.285376
23,2,3.50918
23,3,0.154752
24,0,6.19987
24,1,0.33104
24,2,3.72557
24,3,0.163488
25,0,5.14147
25,1,0.226304
25,2,4.85453
25,3,0.214656
26,0,5.18851
26,1,0.229216
26,2,4.77926
26,3,0.211328
27,0,5.20733
27,1,0.230464
27,2,4.75574
27,3,0.21008
28,0,5.12736
28,1,0.22672
28,2,4.83514
28,3,0.305696
29,0,6.64205
29,1,0.292448
29,2,3.33984
29,3,0.150592
30,0,6.5856
30,1,0.2912
30,2,3.38688
30,3,0.14976
31,0,6.63264
31,1,0.29328
31,2,3.33514
31,3,0.147264
32,0,6.55267
32,1,0.289952
32,2,3.40099
32,3,0.150176
33,0,5.63747
33,1,0.309792
33,2,4.32768
33,3,0.190112
34,0,5.36726
34,1,0.237536
34,2,4.5864
34,3,0.203008
35,0,5.4096
35,1,0.2392
35,2,4.56288
35,3,0.20176
36,0,5.25907
36,1,0.23296
36,2,4.6993
36,3,0.207168
37,0,4.61462
37,1,0.248192
37,2,5.35181
37,3,0.303104
38,0,4.30886
38,1,0.190944
38,2,5.65421
38,3,0.250016
39,0,4.29475
39,1,0.18928
39,2,5.67773
39,3,0.250848
40,0,4.37942
40,1,0.193856
40,2,5.57424
40,3,0.247104
41,0,4.63344
41,1,0.204672
41,2,5.34374
41,3,0.236704
42,0,5.92234
42,1,0.261248
42,2,4.04701
42,3,0.274912
43,0,6.52445
43,1,0.287456
43,2,3.46214
43,3,0.153088
44,0,6.51504
44,1,0.288704
44,2,3.44333
44,3,0.152256
45,0,6.5856
45,1,0.315264
45,2,3.37747
45,3,0.149344
46,0,5.6104
46,1,0.309984
46,2,4.3465
46,3,0.190528
47,0,5.49898
47,1,0.242944
47,2,4.47821
47,3,0.198016
48,0,5.51779
48,1,0.244608
48,2,4.43587
48,3,0.196352
49,0,5.5225
49,1,0.243776
49,2,4.44528
49,3,0.196352
50,0,4.42176
50,1,0.262528
50,2,5.5319
50,3,0.242112
51,0,3.30221
51,1,0.146016
51,2,6.65616
51,3,0.294112
52,0,4.74163
52,1,0.208
52,2,5.25389
52,3,0.329792
53,0,5.06621
53,1,0.225056
53,2,4.88275
53,3,0.215904
54,0,5.1791
54,1,0.228384
54,2,4.79338
54,3,0.21216
55,0,5.34374
55,1,0.236288
55,2,4.62403
55,3,0.204672
56,0,5.35315
56,1,0.23712
56,2,4.60992
56,3,0.203424
57,0,4.60522
57,1,0.270912
57,2,5.34845
57,3,0.23504
58,0,4.07837
58,1,0.180128
58,2,5.88941
58,3,0.260832
59,0,4.18656
59,1,0.18512
59,2,5.78122
59,3,0.25584
60,0,4.29005
60,1,0.188864
60,2,5.68973
60,3,0.336416
61,0,5.92704
61,1,0.261248
61,2,4.04544
61,3,0.180544
62,0,5.86589
62,1,0.259584
62,2,4.10659
62,3,0.181376
63,0,5.95526
63,1,0.263744
63,2,4.0031
63,3,0.177216
64,0,6.01642
64,1,0.265824
64,2,3.95136
64,3,0.174304
65,0,5.65421
65,1,0.34288
65,2,4.29946
65,3,0.185952
66,0,4.08778
66,1,0.180544
66,2,5.8753
66,3,0.26208
67,0,4.26182
67,1,0.188864
67,2,5.70125
67,3,0.252096
68,0,4.32298
68,1,0.190944
68,2,5.6495
68,3,0.2496
69,0,4.2383
69,1,0.188032
69,2,5.71331
69,3,0.33696
70,0,5.85648
70,1,0.256672
70,2,4.14422
70,3,0.185536
71,0,5.81414
71,1,0.257504
71,2,4.14422
71,3,0.183456
72,0,5.90822
72,1,0.261248
72,2,4.05955
72,3,0.179712
73,0,5.97878
73,1,0.26416
73,2,3.98899
73,3,0.1768
74,0,4.95802
74,1,0.314272
74,2,4.98154
74,3,0.217152
75,0,4.18656
75,1,0.184704
75,2,5.78592
75,3,0.256256
76,0,4.36061
76,1,0.193024
76,2,5.60246
76,3,0.247936
77,0,4.39824
77,1,0.194688
77,2,5.56483
77,3,0.245856
78,0,4.56288
78,1,0.200928
78,2,5.41638
78,3,0.324032
79,0,5.9929
79,1,0.264992
79,2,3.97488
79,3,0.176384
80,0,5.96938
80,1,0.263328
80,2,4.00781
80,3,0.177216
81,0,6.05405
81,1,0.267488
81,2,3.90432
81,3,0.173056
82,0,6.06816
82,1,0.300352
82,2,3.90902
82,3,0.17264
83,0,4.48762
83,1,0.261504
83,2,5.45194
83,3,0.2392
84,0,4.39354
84,1,0.194272
84,2,5.57894
84,3,0.246272
85,0,4.53466
85,1,0.200512
85,2,5.42842
85,3,0.240448
86,0,4.51584
86,1,0.19968
86,2,5.45194
86,3,0.240864
87,0,5.09443
87,1,0.224224
87,2,4.87728
87,3,0.299232
88,0,6.08227
88,1,0.269152
88,2,3.89021
88,3,0.171392
89,0,6.09168
89,1,0.269152
89,2,3.8808
89,3,0.171808
90,0,6.19046
90,1,0.273312
90,2,3.77261
90,3,0.166816
91,0,5.87363
91,1,0.356928
91,2,4.07837
91,3,0.178048
92,0,4.37942
92,1,0.193856
92,2,5.58365
92,3,0.246688
93,0,4.55818
93,1,0.201344
93,2,5.4096
93,3,0.239616
94,0,4.68048
94,1,0.206752
94,2,5.2873
94,3,0.234208
95,0,4.57229
95,1,0.202592
95,2,5.38608
95,3,0.237952
96,0,5.50368
96,1,0.242112
96,2,4.47475
96,3,0.299808
97,0,6.14813
97,1,0.272064
97,2,3.82906
97,3,0.169312
98,0,6.16694
98,1,0.27248
98,2,3.79613
98,3,0.168064
99,0,6.25162
99,1,0.276224
99,2,3.72086
99,3,0.16432
100,0,5.60918
100,1,0.331552
100,2,4.34179
100,3,0.190528
101,0,5.09914
101,1,0.225472
101,2,4.86864
101,3,0.215488
102,0,5.16029
102,1,0.228384
102,2,4.80749
102,3,0.212576
103,0,5.18381
103,1,0.229216
103,2,4.77926
103,3,0.210912
104,0,5.26848
104,1,0.230048
104,2,4.74784
104,3,0.30576
105,0,6.66557
105,1,0.296608
105,2,3.25987
105,3,0.14352
106,0,6.61853
106,1,0.292448
106,2,3.35866
106,3,0.148512
107,0,6.67027
107,1,0.294944
107,2,3.2881
107,3,0.1456
108,0,6.44966
108,1,0.346272
108,2,3.49978
108,3,0.151008
109,0,5.44723
109,1,0.240448
109,2,4.52054
109,3,0.20176
110,0,5.45194
110,1,0.240864
110,2,4.52054
110,3,0.19968
111,0,5.48957
111,1,0.242944
111,2,4.47821
111,3,0.198432
112,0,5.26848
112,1,0.242624
112,2,4.68518
112,3,0.206752
113,0,3.6409
113,1,0.197056
113,2,6.31277
113,3,0.27664
114,0,3.80554
114,1,0.167648
114,2,6.17056
114,3,0.369792
115,0,5.07562
115,1,0.223392
115,2,4.91098
115,3,0.217568
116,0,5.08502
116,1,0.225472
116,2,4.86394
116,3,0.215072
117,0,5.24966
117,1,0.231712
117,2,4.72282
117,3,0.209248
118,0,5.36726
118,1,0.23712
118,2,4.60992
118,3,0.20384
119,0,5.21674
119,1,0.265696
119,2,4.73693
119,3,0.207168
120,0,4.12541
120,1,0.195232
120,2,5.81885
120,3,0.258336
121,0,4.21008
121,1,0.185536
121,2,5.7624
121,3,0.254592
122,0,4.21008
122,1,0.185952
122,2,5.7671
122,3,0.254592
123,0,5.41901
123,1,0.2392
123,2,4.54931
123,3,0.28672
124,0,5.94586
124,1,0.262496
124,2,4.02192
124,3,0.178048
125,0,5.9929
125,1,0.264576
125,2,3.97958
125,3,0.175968
126,0,6.08227
126,1,0.269152
126,2,3.8855
126,3,0.172224
127,0,5.97878
127,1,0.278304
127,2,3.97958
127,3,0.175136
128,0,4.9392
128,1,0.256352
128,2,5.02858
128,3,0.221312
129,0,4.81219
129,1,0.213408
129,2,5.15088
129,3,0.227552
130,0,4.86864
130,1,0.215072
130,2,5.09443
130,3,0.225056
131,0,5.03798
131,1,0.221728
131,2,4.94038
131,3,0.317696
132,0,6.41626
132,1,0.283712
132,2,3.55622
132,3,0.155584
133,0,6.38333
133,1,0.282464
133,2,3.57974
133,3,0.158496
134,0,6.4633
134,1,0.285376
134,2,3.50918
134,3,0.155168
135,0,6.40214
135,1,0.28288
135,2,3.56093
135,3,0.157248
136,0,5.96467
136,1,0.295712
136,2,3.9984
136,3,0.176384
137,0,5.95056
137,1,0.263328
137,2,4.01251
137,3,0.177216
138,0,4.99094
138,1,0.297344
138,2,4.95802
138,3,0.217984
139,0,4.51114
139,1,0.19968
139,2,5.45664
139,3,0.240448
140,0,4.32298
140,1,0.190112
140,2,5.6615
140,3,0.330592
141,0,5.79062
141,1,0.256256
141,2,4.16774
141,3,0.191136
142,0,5.85178
142,1,0.258752
142,2,4.116
142,3,0.181792
143,0,5.93174
143,1,0.261664
143,2,4.04074
143,3,0.17888
144,0,6.00701
144,1,0.265408
144,2,3.96077
144,3,0.175552
145,0,5.56483
145,1,0.322464
145,2,4.37942
145,3,0.19136
146,0,4.66166
146,1,0.20592
146,2,5.31552
146,3,0.23504
147,0,4.74163
147,1,0.209664
147,2,5.21674
147,3,0.23088
148,0,4.73222
148,1,0.209248
148,2,5.23555
148,3,0.231296
149,0,5.48016
149,1,0.240864
149,2,4.51101
149,3,0.298144
150,0,6.34099
150,1,0.280384
150,2,3.62208
150,3,0.160576
151,0,6.33629
151,1,0.280384
151,2,3.62208
151,3,0.16016
152,0,6.41155
152,1,0.283712
152,2,3.55622
152,3,0.157248
153,0,6.29866
153,1,0.296128
153,2,3.66912
153,3,0.16224
154,0,5.24496
154,1,0.273824
154,2,4.71341
154,3,0.206752
155,0,5.13677
155,1,0.227552
155,2,4.8216
155,3,0.213408
156,0,5.18851
156,1,0.229216
156,2,4.77926
156,3,0.210912
157,0,5.08032
157,1,0.224224
157,2,4.88147
157,3,0.28832
158,0,6.48682
158,1,0.285792
158,2,3.50448
158,3,0.17712
159,0,6.57149
159,1,0.2912
159,2,3.38218
159,3,0.14976
160,0,6.61853
160,1,0.292448
160,2,3.35866
160,3,0.148512
161,0,6.5809
161,1,0.2912
161,2,3.38218
161,3,0.148928
162,0,5.71744
162,1,0.311488
162,2,4.24301
162,3,0.186368
163,0,5.33904
163,1,0.236288
163,2,4.61933
163,3,0.204672
164,0,5.38608
164,1,0.237952
164,2,4.5817
164,3,0.202592
165,0,5.2967
165,1,0.23504
165,2,4.66166
165,3,0.205088
166,0,5.04739
166,1,0.266976
166,2,4.92038
166,3,0.316288
167,0,5.63069
167,1,0.248768
167,2,4.34179
167,3,0.191776
168,0,5.74829
168,1,0.254176
168,2,4.21949
168,3,0.186368
169,0,5.82355
169,1,0.257504
169,2,4.13482
169,3,0.18304
170,0,5.83766
170,1,0.25792
170,2,4.13952
170,3,0.182624
171,0,5.84237
171,1,0.258336
171,2,4.12541
171,3,0.182624
172,0,5.80944
172,1,0.257088
172,2,4.14422
172,3,0.183456
173,0,5.21674
173,1,0.304
173,2,4.74634
173,3,0.208
174,0,4.31827
174,1,0.19136
174,2,5.6448
174,3,0.249184
175,0,4.13011
175,1,0.18096
175,2,5.85354
175,3,0.343584
176,0,5.61187
176,1,0.248768
176,2,4.34179
176,3,0.196576
177,0,5.70125
177,1,0.25168
177,2,4.27594
177,3,0.188448
178,0,5.79533
178,1,0.256256
178,2,4.16774
178,3,0.184704
179,0,5.8753
179,1,0.259584
179,2,4.08778
179,3,0.181376
180,0,5.6401
180,1,0.324352
180,2,4.31357
180,3,0.188032
181,0,4.50643
181,1,0.199264
181,2,5.46134
181,3,0.241696
182,0,4.61462
182,1,0.20384
182,2,5.34845
182,3,0.236704
183,0,4.61933
183,1,0.204256
183,2,5.34845
183,3,0.236704
184,0,5.30141
184,1,0.233376
184,2,4.67702
184,3,0.30704
185,0,6.2281
185,1,0.274976
185,2,3.75379
185,3,0.165984
186,0,6.20928
186,1,0.27456
186,2,3.7585
186,3,0.1664
187,0,6.29395
187,1,0.27872
187,2,3.65971
187,3,0.161824
188,0,6.21869
188,1,0.274976
188,2,3.75379
188,3,0.165568
189,0,5.27318
189,1,0.292896
189,2,4.66637
189,3,0.205504
190,0,5.07091
190,1,0.223392
190,2,4.91098
190,3,0.217152
191,0,5.10854
191,1,0.22672
191,2,4.84982
191,3,0.21424
192,0,5.06621
192,1,0.223808
192,2,4.90378
192,3,0.290432
193,0,6.4727
193,1,0.28496
193,2,3.50918
193,3,0.176672
194,0,6.55267
194,1,0.289952
194,2,3.4057
194,3,0.151008
195,0,6.60442
195,1,0.292032
195,2,3.36336
195,3,0.148928
196,0,6.57619
196,1,0.290784
196,2,3.39158
196,3,0.149344
197,0,5.81635
197,1,0.315584
197,2,4.13952
197,3,0.181376
198,0,5.32022
198,1,0.235456
198,2,4.64755
198,3,0.205504
199,0,5.36256
199,1,0.236704
199,2,4.60522
199,3,0.20384
200,0,5.28259
200,1,0.234208
200,2,4.67578
200,3,0.206336
201,0,5.31552
201,1,0.260128
201,2,4.65325
201,3,0.30096
202,0,6.24691
202,1,0.275392
202,2,3.73498
202,3,0.16432
203,0,6.25632
203,1,0.277056
203,2,3.70205
203,3,0.16432
204,0,6.24691
204,1,0.276224
204,2,3.71616
204,3,0.163904
205,0,6.18106
205,1,0.272896
205,2,3.79613
205,3,0.167648
206,0,6.12931
206,1,0.271232
206,2,3.82435
206,3,0.169312
207,0,5.7671
207,1,0.332672
207,2,4.19126
207,3,0.183456
208,0,4.77456
208,1,0.210912
208,2,5.19322
208,3,0.230048
209,0,4.61933
209,1,0.204672
209,2,5.33904
209,3,0.23504
210,0,4.83101
210,1,0.212992
210,2,5.14678
210,3,0.31232
211,0,6.1105
211,1,0.269568
211,2,3.86198
211,3,0.17056
212,0,6.06816
212,1,0.268736
212,2,3.89491
212,3,0.172224
213,0,6.18106
213,1,0.272896
213,2,3.79613
213,3,0.167648
214,0,6.15283
214,1,0.272064
214,2,3.80554
214,3,0.16848
215,0,5.5319
215,1,0.324384
215,2,4.42176
215,3,0.193856
216,0,4.87805
216,1,0.215488
216,2,5.09443
216,3,0.225056
217,0,4.94861
217,1,0.218816
217,2,5.00976
217,3,0.221728
218,0,4.86394
218,1,0.215072
218,2,5.10384
218,3,0.225472
219,0,5.98819
219,1,0.263744
219,2,3.99674
219,3,0.273536
220,0,6.40685
220,1,0.283296
220,2,3.55622
220,3,0.157664
221,0,6.43507
221,1,0.284544
221,2,3.5327
221,3,0.156
222,0,6.4727
222,1,0.286208
222,2,3.49507
222,3,0.154336
223,0,6.10579
223,1,0.32752
223,2,3.85728
223,3,0.169312
224,0,5.13677
224,1,0.227552
224,2,4.8263
224,3,0.212992
225,0,5.20733
225,1,0.230048
225,2,4.75574
225,3,0.210496
226,0,5.21203
226,1,0.23088
226,2,4.74634
226,3,0.209664
227,0,5.26848
227,1,0.232544
227,2,4.70474
227,3,0.304512
228,0,6.64675
228,1,0.29328
228,2,3.33043
228,3,0.1456
229,0,6.5856
229,1,0.2912
229,2,3.37747
229,3,0.14976
230,0,6.64675
230,1,0.294112
230,2,3.32102
230,3,0.146848
231,0,6.54797
231,1,0.320608
231,2,3.41981
231,3,0.151008
232,0,5.46598
232,1,0.293792
232,2,4.48762
232,3,0.196768
233,0,5.37667
233,1,0.237952
233,2,4.5911
233,3,0.203008
234,0,5.4143
234,1,0.2392
234,2,4.54877
234,3,0.201344
235,0,5.22614
235,1,0.231712
235,2,4.73222
235,3,0.208416
236,0,4.4641
236,1,0.241536
236,2,5.50442
236,3,0.278304
237,0,4.25242
237,1,0.188032
237,2,5.71066
237,3,0.252096
238,0,4.25712
238,1,0.188448
238,2,5.70595
238,3,0.252512
239,0,4.37472
239,1,0.193024
239,2,5.59776
239,3,0.24752
240,0,4.65696
240,1,0.20592
240,2,5.30141
240,3,0.271232
241,0,6.28454
241,1,0.27664
241,2,3.7056
241,3,0.191136
242,0,6.35981
242,1,0.281216
242,2,3.60797
242,3,0.159328
243,0,6.41155
243,1,0.283712
243,2,3.54682
243,3,0.157248
244,0,6.30666
244,1,0.363168
244,2,3.65501
244,3,0.159744
245,0,5.27789
245,1,0.23296
245,2,4.68518
245,3,0.207168
246,0,5.31552
246,1,0.235456
246,2,4.65696
246,3,0.20592
247,0,5.35315
247,1,0.236704
247,2,4.60522
247,3,0.20384
248,0,5.25437
248,1,0.232544
248,2,4.7087
248,3,0.208
249,0,3.73968
249,1,0.20992
249,2,6.20928
249,3,0.272064
250,0,3.73027
250,1,0.165152
250,2,6.23267
250,3,0.373056
251,0,5.0568
251,1,0.221728
251,2,4.9439
251,3,0.2184
252,0,5.08502
252,1,0.225472
252,2,4.86864
252,3,0.215904
253,0,5.23085
253,1,0.231296
253,2,4.73222
253,3,0.209248
254,0,5.35786
254,1,0.236704
254,2,4.61462
254,3,0.20384
255,0,5.27318
255,1,0.246976
255,2,4.69459
255,3,0.207168
256,0,4.14893
256,1,0.237408
256,2,5.80003
256,3,0.255008
257,0,4.1113
257,1,0.181376
257,2,5.86589
257,3,0.259584
258,0,4.10659
258,1,0.181792
258,2,5.85178
258,3,0.258752
259,0,5.03798
259,1,0.222144
259,2,4.94797
259,3,0.306112
260,0,5.83296
260,1,0.257088
260,2,4.14422
260,3,0.182624
261,0,5.84237
261,1,0.258752
261,2,4.116
261,3,0.182624
262,0,5.95526
262,1,0.263328
262,2,4.00781
262,3,0.177216
263,0,5.91763
263,1,0.26208
263,2,4.04074
263,3,0.178464
264,0,4.94861
264,1,0.270176
264,2,5.00976
264,3,0.219648
265,0,4.69459
265,1,0.207584
265,2,5.26848
265,3,0.233376
266,0,4.77456
266,1,0.210912
266,2,5.19792
266,3,0.230048
267,0,4.76986
267,1,0.210912
267,2,5.19219
267,3,0.303424
268,0,6.24691
268,1,0.275808
268,2,3.73027
268,3,0.189472
269,0,6.33629
269,1,0.279552
269,2,3.6409
269,3,0.160576
270,0,6.37862
270,1,0.282048
270,2,3.58445
270,3,0.158912
271,0,6.37392
271,1,0.282048
271,2,3.58915
271,3,0.15808
272,0,5.79062
272,1,0.338176
272,2,4.16774
272,3,0.18304
273,0,5.10384
273,1,0.225472
273,2,4.86394
273,3,0.215072
274,0,5.15558
274,1,0.228384
274,2,4.80749
274,3,0.212576
275,0,5.09914
275,1,0.225472
275,2,4.86864
275,3,0.215072
276,0,5.7624
276,1,0.253344
276,2,4.22336
276,3,0.281568
277,0,6.5856
277,1,0.291616
277,2,3.36806
277,3,0.149344
278,0,6.5809
278,1,0.290784
278,2,3.38688
278,3,0.150176
279,0,6.63264
279,1,0.29328
279,2,3.33514
279,3,0.147264
280,0,6.44918
280,1,0.369632
280,2,3.50448
280,3,0.15392
281,0,5.31082
281,1,0.234624
281,2,4.65226
281,3,0.204672
282,0,5.36256
282,1,0.23712
282,2,4.60992
282,3,0.20384
283,0,5.38138
283,1,0.237952
283,2,4.5817
283,3,0.202592
284,0,5.09443
284,1,0.237984
284,2,4.86864
284,3,0.241728
285,0,5.48486
285,1,0.273536
285,2,4.48749
285,3,0.265312
286,0,5.71066
286,1,0.252512
286,2,4.25242
286,3,0.188448
287,0,5.84237
287,1,0.25792
287,2,4.13482
287,3,0.182624
288,0,5.85648
288,1,0.259168
288,2,4.10189
288,3,0.181792
289,0,5.86589
289,1,0.259168
289,2,4.10189
289,3,0.181376
290,0,5.86118
290,1,0.259168
290,2,4.10189
290,3,0.181376
291,0,5.7624
291,1,0.263232
291,2,4.20538
291,3,0.185536
292,0,4.63814
292,1,0.249856
292,2,5.32022
292,3,0.233376
293,0,4.13952
293,1,0.183456
293,2,5.81414
293,3,0.256672
294,0,4.84982
294,1,0.213408
294,2,5.12829
294,3,0.315712
295,0,5.72006
295,1,0.252096
295,2,4.26182
295,3,0.188448
296,0,5.72947
296,1,0.25376
296,2,4.22419
296,3,0.1872
297,0,5.86118
297,1,0.259168
297,2,4.1113
297,3,0.181792
298,0,5.83296
298,1,0.25792
298,2,4.12541
298,3,0.182208
299,0,5.04269
299,1,0.277056
299,2,4.91568
299,3,0.215488
300,0,4.60992
300,1,0.203424
300,2,5.36256
300,3,0.23712
301,0,4.68989
301,1,0.208
301,2,5.27318
301,3,0.233376
302,0,4.7087
302,1,0.207168
302,2,5.26122
302,3,0.302048
303,0,6.14342
303,1,0.271648
303,2,3.83376
303,3,0.19984
304,0,6.27043
304,1,0.277472
304,2,3.68794
304,3,0.163488
305,0,6.34099
305,1,0.279552
305,2,3.6409
305,3,0.16016
306,0,6.33629
306,1,0.280384
306,2,3.62678
306,3,0.160576
307,0,5.72947
307,1,0.31008
307,2,4.21949
307,3,0.18512
308,0,5.02387
308,1,0.222144
308,2,4.94861
308,3,0.218816
309,0,5.08502
309,1,0.22464
309,2,4.87805
309,3,0.215488
310,0,5.04269
310,1,0.222976
310,2,4.92038
310,3,0.217568
311,0,5.72006
311,1,0.25168
311,2,4.2632
311,3,0.28432
312,0,6.52445
312,1,0.28912
312,2,3.43392
312,3,0.15184
313,0,6.53386
313,1,0.288288
313,2,3.44803
313,3,0.152256
314,0,6.5809
314,1,0.291616
314,2,3.37277
314,3,0.149344
315,0,6.43283
315,1,0.344864
315,2,3.53741
315,3,0.156832
316,0,5.26848
316,1,0.234208
316,2,4.68048
316,3,0.204672
317,0,5.33904
317,1,0.235456
317,2,4.63344
317,3,0.205504
318,0,5.36256
318,1,0.23712
318,2,4.60992
318,3,0.203424
319,0,5.07091
319,1,0.243616
319,2,4.88275
319,3,0.257088
320,0,6.06816
320,1,0.274016
320,2,3.90525
320,3,0.225472
321,0,6.28925
321,1,0.277888
321,2,3.68323
321,3,0.162656
322,0,6.30336
322,1,0.279136
322,2,3.66442
322,3,0.16224
323,0,6.22339
323,1,0.274976
323,2,3.73968
323,3,0.165152
324,0,6.19987
324,1,0.274144
324,2,3.7679
324,3,0.166816
325,0,6.09638
325,1,0.269568
325,2,3.86198
325,3,0.170976
326,0,5.14147
326,1,0.281088
326,2,4.8216
326,3,0.210912
327,0,4.79808
327,1,0.21216
327,2,5.16029
327,3,0.227968
328,0,4.48762
328,1,0.198432
328,2,5.48016
328,3,0.27312
329,0,5.90822
329,1,0.259584
329,2,4.07466
329,3,0.232576
330,0,6.07757
330,1,0.269152
330,2,3.89021
330,3,0.171808
331,0,6.13872
331,1,0.271648
331,2,3.82435
331,3,0.169312
332,0,6.20458
332,1,0.274144
332,2,3.7632
332,3,0.166816
333,0,5.77651
333,1,0.308896
333,2,4.17715
333,3,0.182624
334,0,4.86864
334,1,0.215072
334,2,5.09443
334,3,0.225056
335,0,4.95331
335,1,0.218816
335,2,5.01917
335,3,0.222144
336,0,4.94861
336,1,0.218816
336,2,5.01446
336,3,0.221728
337,0,5.48016
337,1,0.241696
337,2,4.49091
337,3,0.294432
338,0,6.48211
338,1,0.286208
338,2,3.49507
338,3,0.154336
339,0,6.44918
339,1,0.285376
339,2,3.51389
339,3,0.155584
340,0,6.51504
340,1,0.288288
340,2,3.44803
340,3,0.152256
341,0,6.41155
341,1,0.283296
341,2,3.56563
341,3,0.157248
342,0,5.47664
342,1,0.327712
342,2,4.4688
342,3,0.196352
343,0,5.24966
343,1,0.232128
343,2,4.71811
343,3,0.208832
344,0,5.292
344,1,0.233792
344,2,4.67107
344,3,0.206336
345,0,5.06621
345,1,0.224224
345,2,4.90157
345,3,0.234272
346,0,6.3457
346,1,0.279136
346,2,3.64259
346,3,0.238304
347,0,6.59971
347,1,0.292032
347,2,3.35395
347,3,0.148512
348,0,6.63264
348,1,0.29328
348,2,3.34454
348,3,0.14768
349,0,6.62323
349,1,0.292864
349,2,3.33984
349,3,0.14768
350,0,5.74045
350,1,0.311872
350,2,4.20538
350,3,0.184288
351,0,5.37197
351,1,0.23712
351,2,4.60051
351,3,0.203424
352,0,5.4096
352,1,0.2392
352,2,4.55818
352,3,0.201344
353,0,5.37667
353,1,0.237952
353,2,4.5864
353,3,0.203008
354,0,4.704
354,1,0.271616
354,2,5.252
354,3,0.267072
355,0,4.24301
355,1,0.188032
355,2,5.71066
355,3,0.25168
356,0,4.21008
356,1,0.185952
356,2,5.7624
356,3,0.255008
357,0,4.29005
357,1,0.189696
357,2,5.68714
357,3,0.251264
358,0,4.48762
358,1,0.198016
358,2,5.47546
358,3,0.24336
359,0,5.43782
359,1,0.2392
359,2,4.55981
359,3,0.264768
360,0,6.37392
360,1,0.282048
360,2,3.57504
360,3,0.15808
361,0,6.38333
361,1,0.282048
361,2,3.59386
361,3,0.158496
362,0,6.43978
362,1,0.284544
362,2,3.51859
362,3,0.156
363,0,5.62813
363,1,0.33392
363,2,4.32768
363,3,0.189696
364,0,5.32022
364,1,0.23504
364,2,4.64285
364,3,0.205504
365,0,5.35786
365,1,0.23712
365,2,4.60992
365,3,0.20384
366,0,5.39078
366,1,0.238368
366,2,4.5817
366,3,0.202592
367,0,4.67107
367,1,0.273088
367,2,5.26848
367,3,0.230464
368,0,3.28339
368,1,0.145184
368,2,6.68909
368,3,0.294944
369,0,4.65696
369,1,0.204256
369,2,5.3335
369,3,0.333216
370,0,5.07562
370,1,0.22464
370,2,4.88275
370,3,0.215904
371,0,5.1744
371,1,0.2288
371,2,4.79338
371,3,0.21216
372,0,5.32963
372,1,0.235872
372,2,4.63344
372,3,0.205088
373,0,5.38138
373,1,0.237536
373,2,4.5817
373,3,0.202592
374,0,4.92509
374,1,0.265888
374,2,5.03328
374,3,0.220896
375,0,4.10659
375,1,0.181376
375,2,5.85178
375,3,0.258752
376,0,4.21949
376,1,0.186368
376,2,5.74829
376,3,0.254176
377,0,4.30886
377,1,0.190528
377,2,5.64835
377,3,0.335104
378,0,5.88941
378,1,0.26
378,2,4.09718
378,3,0.182208
379,0,5.91763
379,1,0.261248
379,2,4.05014
379,3,0.179296
380,0,5.9929
380,1,0.264576
380,2,3.98429
380,3,0.175968
381,0,6.05875
381,1,0.267904
381,2,3.90902
381,3,0.173056
382,0,5.79533
382,1,0.333024
382,2,4.15834
382,3,0.181792
383,0,4.6993
383,1,0.208
383,2,5.26378
383,3,0.23296
384,0,4.79338
384,1,0.211744
384,2,5.1744
384,3,0.229216
385,0,4.76515
385,1,0.210912
385,2,5.19792
385,3,0.229216
386,0,5.50838
386,1,0.242944
386,2,4.46605
386,3,0.295936
387,0,6.37862
387,1,0.281632
387,2,3.58915
387,3,0.158496
388,0,6.38333
388,1,0.282048
388,2,3.59386
388,3,0.158912
389,0,6.44918
389,1,0.285376
389,2,3.51389
389,3,0.155584
390,0,6.33629
390,1,0.304864
390,2,3.62678
390,3,0.16016
391,0,5.26848
391,1,0.264544
391,2,4.68518
391,3,0.205504
392,0,5.15558
392,1,0.227552
392,2,4.80749
392,3,0.212576
393,0,5.20733
393,1,0.229632
393,2,4.76515
393,3,0.210496
394,0,5.0568
394,1,0.222144
394,2,4.95293
394,3,0.280352
395,0,6.47741
395,1,0.287456
395,2,3.45744
395,3,0.186752
396,0,6.57619
396,1,0.290368
396,2,3.39629
396,3,0.14976
397,0,6.61382
397,1,0.292448
397,2,3.35395
397,3,0.148512
398,0,6.57619
398,1,0.2912
398,2,3.37277
398,3,0.149344
399,0,5.75366
399,1,0.312352
399,2,4.20538
399,3,0.183872
400,0,5.37197
400,1,0.23712
400,2,4.60051
400,3,0.20384
401,0,5.40019
401,1,0.238784
401,2,4.56758
401,3,0.20176
402,0,5.32493
402,1,0.235872
402,2,4.63344
402,3,0.204672
403,0,4.63814
403,1,0.249504
403,2,5.32141
403,3,0.2704
404,0,4.26182
404,1,0.188448
404,2,5.71066
404,3,0.25168
405,0,4.2336
405,1,0.1872
405,2,5.72947
405,3,0.25376
406,0,4.32298
406,1,0.190944
406,2,5.6401
406,3,0.249184
407,0,4.56288
407,1,0.20176
407,2,5.4096
407,3,0.240032
408,0,5.7671
408,1,0.25376
408,2,4.21923
408,3,0.283296
409,0,6.45389
409,1,0.285792
409,2,3.50448
409,3,0.154752
410,0,6.47741
410,1,0.285792
410,2,3.49978
410,3,0.154752
411,0,6.52915
411,1,0.28912
411,2,3.42451
411,3,0.151424
412,0,5.68579
412,1,0.336832
412,2,4.27123
412,3,0.187616
413,0,5.42371
413,1,0.239616
413,2,4.54877
413,3,0.200928
414,0,5.45664
414,1,0.24128
414,2,4.51114
414,3,0.199264
415,0,5.46134
415,1,0.241696
415,2,4.50173
415,3,0.199264
416,0,4.50643
416,1,0.265536
416,2,5.44253
416,3,0.237952
417,0,3.30691
417,1,0.146016
417,2,6.65616
417,3,0.294112
418,0,4.63344
418,1,0.203424
418,2,5.36099
418,3,0.334976
419,0,5.06621
419,1,0.22464
419,2,4.88746
419,3,0.21632
420,0,5.1697
420,1,0.228384
420,2,4.79808
420,3,0.21216
421,0,5.32963
421,1,0.235456
421,2,4.63344
421,3,0.205504
422,0,5.36726
422,1,0.237536
422,2,4.60051
422,3,0.203008
423,0,4.64755
423,1,0.251616
423,2,5.31552
423,3,0.233376
424,0,4.10659
424,1,0.182208
424,2,5.85178
424,3,0.258752
425,0,4.2336
425,1,0.1872
425,2,5.72947
425,3,0.253344
426,0,4.3512
426,1,0.19136
426,2,5.63379
426,3,0.33248
427,0,5.9929
427,1,0.26416
427,2,3.98899
427,3,0.178464
428,0,5.93174
428,1,0.262912
428,2,4.01722
428,3,0.177632
429,0,6.04464
429,1,0.267072
429,2,3.92314
429,3,0.173472
430,0,6.06816
430,1,0.26832
430,2,3.90432
430,3,0.17264
431,0,5.73888
431,1,0.284096
431,2,4.22419
431,3,0.185952
432,0,5.59306
432,1,0.24752
432,2,4.36531
432,3,0.19344
433,0,4.98154
433,1,0.275104
433,2,4.97683
433,3,0.2184
434,0,4.24771
434,1,0.187616
434,2,5.71536
434,3,0.252096
435,0,4.09248
435,1,0.182208
435,2,5.86301
435,3,0.333216
436,0,5.63069
436,1,0.246688
436,2,4.3559
436,3,0.207712
437,0,5.73888
437,1,0.254176
437,2,4.2289
437,3,0.1872
438,0,5.83296
438,1,0.257504
438,2,4.13482
438,3,0.182624
439,0,5.91763
439,1,0.261664
439,2,4.05485
439,3,0.179296
440,0,5.68714
440,1,0.30592
440,2,4.25712
440,3,0.18512
441,0,4.60051
441,1,0.202176
441,2,5.36726
441,3,0.238784
442,0,4.68989
442,1,0.206752
442,2,5.2873
442,3,0.233792
443,0,4.68989
443,1,0.207584
443,2,5.27318
443,3,0.23296
444,0,5.39549
444,1,0.237952
444,2,4.59382
444,3,0.302976
445,0,6.27984
445,1,0.277888
445,2,3.66442
445,3,0.16224
446,0,6.29866
446,1,0.278304
446,2,3.67382
446,3,0.16224
447,0,6.37392
447,1,0.281632
447,2,3.60326
447,3,0.159328
448,0,6.24691
448,1,0.294176
448,2,3.71146
448,3,0.163904
449,0,5.14147
449,1,0.26592
449,2,4.81219
449,3,0.210912
450,0,5.0568
450,1,0.223808
450,2,4.90627
450,3,0.217568
451,0,5.11325
451,1,0.225888
451,2,4.85923
451,3,0.214656
452,0,5.04269
452,1,0.22256
452,2,4.92099
452,3,0.289152
453,0,6.41626
453,1,0.283296
453,2,3.56093
453,3,0.181248
454,0,6.50563
454,1,0.287872
454,2,3.46214
454,3,0.153088
455,0,6.57619
455,1,0.290368
455,2,3.39629
455,3,0.150176
456,0,6.52915
456,1,0.288704
456,2,3.43392
456,3,0.151424
457,0,5.83066
457,1,0.341696
457,2,4.1207
457,3,0.18096
458,0,5.30141
458,1,0.234624
458,2,4.66637
458,3,0.20592
459,0,5.34845
459,1,0.236704
459,2,4.62403
459,3,0.204672
460,0,5.25907
460,1,0.232544
460,2,4.6993
460,3,0.207168
461,0,5.43782
461,1,0.26512
461,2,4.53891
461,3,0.295712
462,0,6.27043
462,1,0.277056
462,2,3.70205
462,3,0.163488
463,0,6.28454
463,1,0.278304
463,2,3.67853
463,3,0.162656
464,0,6.27043
464,1,0.277472
464,2,3.69264
464,3,0.163488
465,0,6.20928
465,1,0.274144
465,2,3.7679
465,3,0.1664
466,0,6.15754
466,1,0.272896
466,2,3.79613
466,3,0.167648
467,0,5.86118
467,1,0.289568
467,2,4.10189
467,3,0.180544
468,0,5.66832
468,1,0.250848
468,2,4.29475
468,3,0.190112
469,0,4.5911
469,1,0.274752
469,2,5.35786
469,3,0.234624
470,0,3.6503
470,1,0.161408
470,2,6.32218
470,3,0.281376
471,0,4.99565
471,1,0.220064
471,2,4.98672
471,3,0.312064
472,0,5.34845
472,1,0.236704
472,2,4.60992
472,3,0.20384
473,0,5.43312
473,1,0.240032
473,2,4.53466
473,3,0.200928
474,0,5.57424
474,1,0.246272
474,2,4.39824
474,3,0.194688
475,0,5.54131
475,1,0.245024
475,2,4.42176
475,3,0.194688
476,0,5.12266
476,1,0.2544
476,2,4.83571
476,3,0.21424
477,0,5.12736
477,1,0.250048
477,2,4.84042
477,3,0.213408
478,0,3.94666
478,1,0.217984
478,2,6.00701
478,3,0.26416
479,0,3.61738
479,1,0.160576
479,2,6.3457
479,3,0.280384
480,0,4.73693
480,1,0.208
480,2,5.2401
480,3,0.324928
481,0,5.4096
481,1,0.239616
481,2,4.55818
481,3,0.201344
482,0,5.48486
482,1,0.242112
482,2,4.48762
482,3,0.198848
483,0,5.61658
483,1,0.247936
483,2,4.3559
483,3,0.192608
484,0,5.63069
484,1,0.2496
484,2,4.32768
484,3,0.19136
485,0,5.02858
485,1,0.293216
485,2,4.92509
485,3,0.215904
486,0,4.33238
486,1,0.19136
486,2,5.63539
486,3,0.249184
487,0,4.44058
487,1,0.196352
487,2,5.5272
487,3,0.244608
488,0,4.43587
488,1,0.19344
488,2,5.57354
488,3,0.308064
489,0,5.94115
489,1,0.26416
489,2,4.00781
489,3,0.198944
490,0,6.05875
490,1,0.267904
490,2,3.89962
490,3,0.17264
491,0,6.13402
491,1,0.271232
491,2,3.83376
491,3,0.169728
492,0,6.17635
492,1,0.273312
492,2,3.78202
492,3,0.167232
493,0,5.91293
493,1,0.314976
493,2,4.05955
493,3,0.176384
494,0,4.85923
494,1,0.215488
494,2,5.09443
494,3,0.22672
495,0,4.92979
495,1,0.2184
495,2,5.02858
495,3,0.22256
496,0,4.92038
496,1,0.217152
496,2,5.0521
496,3,0.223392
497,0,5.55542
497,1,0.244192
497,2,4.4208
497,3,0.292224
498,0,6.44918
498,1,0.286208
498,2,3.51859
498,3,0.154752
499,0,6.44918
499,1,0.28496
499,2,3.51859
499,3,0.156
500,0,6.51974
500,1,0.287872
500,2,3.45274
500,3,0.152672
501,0,6.37862
501,1,0.287904
501,2,3.57504
501,3,0.157664
502,0,5.35315
502,1,0.290368
502,2,4.60992
502,3,0.202176
503,0,5.20733
503,1,0.230048
503,2,4.75574
503,3,0.210496
504,0,5.24966
504,1,0.232544
504,2,4.71811
504,3,0.208832
505,0,5.04739
505,1,0.222976
505,2,4.92038
505,3,0.243936
506,0,6.34099
506,1,0.279136
506,2,3.6424
506,3,0.229248
507,0,6.55738
507,1,0.289952
507,2,3.40099
507,3,0.150592
508,0,6.5903
508,1,0.291616
508,2,3.37747
508,3,0.149344
509,0,6.57619
509,1,0.290784
509,2,3.39158
509,3,0.14976
510,0,5.82285
510,1,0.3408
510,2,4.13482
510,3,0.181376
511,0,5.32963
511,1,0.235456
511,2,4.63344
511,3,0.204672
512,0,5.37197
512,1,0.237952
512,2,4.5911
512,3,0.203424
513,0,5.32963
513,1,0.235872
513,2,4.63344
513,3,0.204256
514,0,4.76515
514,1,0.254432
514,2,5.19904
514,3,0.297344
515,0,4.33709
515,1,0.192192
515,2,5.63069
515,3,0.248352
516,0,4.28064
516,1,0.18928
516,2,5.67773
516,3,0.25168
517,0,4.3559
517,1,0.192608
517,2,5.61658
517,3,0.247936
518,0,4.54877
518,1,0.200928
518,2,5.41901
518,3,0.240032
519,0,5.46605
519,1,0.240448
519,2,4.51341
519,3,0.295296
520,0,6.53856
520,1,0.28912
520,2,3.42922
520,3,0.15184
521,0,6.50563
521,1,0.287872
521,2,3.46214
521,3,0.153088
522,0,6.5856
522,1,0.290784
522,2,3.38688
522,3,0.14976
523,0,5.88851
523,1,0.345984
523,2,4.06426
523,3,0.178464
524,0,5.48486
524,1,0.242944
524,2,4.4735
524,3,0.1976
525,0,5.51779
525,1,0.244192
525,2,4.44998
525,3,0.196768
526,0,5.54602
526,1,0.244608
526,2,4.42176
526,3,0.195936
527,0,4.92038
527,1,0.297792
527,2,5.01917
527,3,0.217152
528,0,2.76595
528,1,0.121472
528,2,7.20182
528,3,0.319072
529,0,3.0529
529,1,0.134368
529,2,6.85306
529,3,0.409568
530,0,4.4641
530,1,0.197184
530,2,5.50838
530,3,0.242944
531,0,4.52525
531,1,0.200096
531,2,5.44253
531,3,0.240448
532,0,4.69459
532,1,0.207168
532,2,5.27318
532,3,0.233792
533,0,4.87805
533,1,0.215904
533,2,5.08973
533,3,0.225056
534,0,4.95331
534,1,0.218816
534,2,5.01446
534,3,0.221728
535,0,4.80278
535,1,0.256576
535,2,5.16269
535,3,0.261696
536,0,4.42646
536,1,0.195936
536,2,5.53661
536,3,0.244608
537,0,4.37002
537,1,0.19344
537,2,5.59306
537,3,0.247104
538,0,4.45469
538,1,0.196768
538,2,5.51779
538,3,0.244192
539,0,4.60992
539,1,0.20384
539,2,5.35786
539,3,0.23712
540,0,4.88275
540,1,0.215488
540,2,5.08502
540,3,0.240288
541,0,6.28454
541,1,0.277056
541,2,3.69402
541,3,0.20944
542,0,6.56208
542,1,0.289952
542,2,3.4057
542,3,0.150592
543,0,6.59971
543,1,0.291616
543,2,3.37747
543,3,0.149344
544,0,6.1152
544,1,0.356256
544,2,3.82435
544,3,0.167648
545,0,5.55072
545,1,0.24544
545,2,4.42176
545,3,0.19552
546,0,5.56483
546,1,0.246272
546,2,4.39354
546,3,0.194688
547,0,5.58835
547,1,0.246688
547,2,4.38883
547,3,0.19344
548,0,5.50368
548,1,0.244192
548,2,4.44998
548,3,0.196352
549,0,3.72086
549,1,0.244864
549,2,6.2281
549,3,0.27248
550,0,2.7048
550,1,0.119808
550,2,7.25827
550,3,0.320736
551,0,4.13952
551,1,0.181376
551,2,5.7991
551,3,0.36064
552,0,4.57229
552,1,0.202176
552,2,5.39549
552,3,0.238784
553,0,4.68989
553,1,0.207168
553,2,5.27789
553,3,0.233376
554,0,4.88275
554,1,0.215904
554,2,5.08032
554,3,0.225056
555,0,5.00976
555,1,0.221728
555,2,4.95802
555,3,0.219232
556,0,4.98624
556,1,0.245984
556,2,4.97683
556,3,0.220064
557,0,3.81494
557,1,0.188224
557,2,6.13402
557,3,0.269568
558,0,3.86198
558,1,0.17056
558,2,6.1105
558,3,0.2704
559,0,3.97018
559,1,0.171808
559,2,6.05264
559,3,0.330496
560,0,5.42371
560,1,0.242944
560,2,4.49702
560,3,0.2256
561,0,5.6448
561,1,0.248352
561,2,4.33709
561,3,0.191776
562,0,5.71536
562,1,0.253344
562,2,4.24301
562,3,0.187616
563,0,5.81885
563,1,0.257504
563,2,4.14422
563,3,0.183456
564,0,5.69654
564,1,0.265216
564,2,4.27123
564,3,0.188448
565,0,4.5911
565,1,0.26272
565,2,5.36256
565,3,0.235456
566,0,4.51114
566,1,0.199264
566,2,5.46134
566,3,0.241696
567,0,4.52995
567,1,0.200928
567,2,5.42842
567,3,0.240032
568,0,5.02858
568,1,0.22048
568,2,4.95203
568,3,0.321664
569,0,6.13872
569,1,0.272064
569,2,3.82435
569,3,0.16848
570,0,6.14342
570,1,0.271232
570,2,3.82906
570,3,0.169728
571,0,6.21869
571,1,0.275392
571,2,3.74438
571,3,0.165152
572,0,6.19517
572,1,0.273728
572,2,3.77731
572,3,0.167648
573,0,5.40019
573,1,0.31888
573,2,4.55347
573,3,0.199264
574,0,4.92509
574,1,0.217984
574,2,5.04269
574,3,0.222976
575,0,5.00035
575,1,0.220896
575,2,4.96742
575,3,0.219648
576,0,4.88746
576,1,0.216736
576,2,5.07091
576,3,0.243328
577,0,6.19517
577,1,0.27248
577,2,3.7944
577,3,0.244192
578,0,6.44448
578,1,0.28496
578,2,3.51389
578,3,0.155584
579,0,6.48682
579,1,0.286624
579,2,3.48566
579,3,0.154336
580,0,6.49152
580,1,0.287456
580,2,3.47155
580,3,0.152672
581,0,6.14813
581,1,0.304096
581,2,3.81024
581,3,0.16848
582,0,6.01642
582,1,0.265824
582,2,3.95606
582,3,0.17472
583,0,5.42842
583,1,0.317152
583,2,4.52054
583,3,0.198432
584,0,4.68518
584,1,0.207168
584,2,5.2873
584,3,0.233376
585,0,4.3465
585,1,0.192192
585,2,5.60717
585,3,0.247936
586,0,5.5319
586,1,0.243776
586,2,4.45987
586,3,0.28208
587,0,5.95526
587,1,0.263744
587,2,3.9984
587,3,0.1768
588,0,6.01642
588,1,0.265824
588,2,3.95606
588,3,0.17472
589,0,6.09638
589,1,0.269568
589,2,3.86669
589,3,0.171392
590,0,5.97408
590,1,0.294496
590,2,3.98899
590,3,0.175968
591,0,5.5319
591,1,0.244608
591,2,4.43587
591,3,0.195936
592,0,5.46605
592,1,0.296224
592,2,4.44998
592,3,0.194688
593,0,4.32768
593,1,0.189696
593,2,5.67302
593,3,0.250848
594,0,4.05014
594,1,0.179296
594,2,5.90822
594,3,0.261248
595,0,5.0615
595,1,0.22256
595,2,4.92387
595,3,0.305824
596,0,5.73888
596,1,0.253344
596,2,4.2383
596,3,0.187616
597,0,5.78122
597,1,0.255424
597,2,4.18656
597,3,0.184704
598,0,5.89882
598,1,0.260832
598,2,4.06426
598,3,0.180128
599,0,5.85178
599,1,0.259168
599,2,4.10659
599,3,0.181376
